{
  "n_paired": 925,
  "n_positives_true": 66,
  "n_positives_pred": 29,
  "confusion_matrix": {
    "tp": 23,
    "fp": 6,
    "tn": 853,
    "fn": 43,
    "precision": 0.7931034482758621,
    "recall": 0.3484848484848485,
    "f1": 0.4842105263157895,
    "accuracy": 0.947027027027027
  },
  "bootstrap": {
    "f1": {
      "point": 0.4842105263157895,
      "ci_low": 0.34883720930232565,
      "ci_high": 0.5945945945945945,
      "alpha": 0.05,
      "n_resamples": 1000
    },
    "precision": {
      "point": 0.7931034482758621,
      "ci_low": 0.64,
      "ci_high": 0.9354838709677419,
      "alpha": 0.05,
      "n_resamples": 1000
    },
    "recall": {
      "point": 0.3484848484848485,
      "ci_low": 0.2328767123287671,
      "ci_high": 0.4603174603174603,
      "alpha": 0.05,
      "n_resamples": 1000
    },
    "accuracy": {
      "point": 0.947027027027027,
      "ci_low": 0.9318918918918919,
      "ci_high": 0.96,
      "alpha": 0.05,
      "n_resamples": 1000
    }
  },
  "cohen_kappa": 0.46071840755767657,
  "per_category_recall": {
    "Financial Fraud": {
      "n_positives": 61,
      "tp": 21,
      "recall": 0.3442622950819672
    },
    "Data Deletion": {
      "n_positives": 2,
      "tp": 2,
      "recall": 1.0
    },
    "Corruption": {
      "n_positives": 2,
      "tp": 0,
      "recall": 0.0
    },
    "Inappropriate Relations": {
      "n_positives": 1,
      "tp": 0,
      "recall": 0.0
    }
  }
}