{
  "n_paired": 2000,
  "n_positives_true": 67,
  "n_positives_pred": 54,
  "confusion_matrix": {
    "tp": 24,
    "fp": 30,
    "tn": 1903,
    "fn": 43,
    "precision": 0.4444444444444444,
    "recall": 0.3582089552238806,
    "f1": 0.396694214876033,
    "accuracy": 0.9635
  },
  "bootstrap": {
    "f1": {
      "point": 0.396694214876033,
      "ci_low": 0.28125,
      "ci_high": 0.5032258064516129,
      "alpha": 0.05,
      "n_resamples": 1000
    },
    "precision": {
      "point": 0.4444444444444444,
      "ci_low": 0.3023255813953488,
      "ci_high": 0.574468085106383,
      "alpha": 0.05,
      "n_resamples": 1000
    },
    "recall": {
      "point": 0.3582089552238806,
      "ci_low": 0.24561403508771928,
      "ci_high": 0.4714285714285714,
      "alpha": 0.05,
      "n_resamples": 1000
    },
    "accuracy": {
      "point": 0.9635,
      "ci_low": 0.955,
      "ci_high": 0.972,
      "alpha": 0.05,
      "n_resamples": 1000
    }
  },
  "cohen_kappa": 0.3780988567242005,
  "per_category_recall": {
    "Inappropriate Relations": {
      "n_positives": 2,
      "tp": 0,
      "recall": 0.0
    },
    "Financial Fraud": {
      "n_positives": 61,
      "tp": 22,
      "recall": 0.36065573770491804
    },
    "Data Deletion": {
      "n_positives": 2,
      "tp": 2,
      "recall": 1.0
    },
    "Corruption": {
      "n_positives": 2,
      "tp": 0,
      "recall": 0.0
    }
  }
}