{
  "n_paired": 2000,
  "n_positives_true": 67,
  "n_positives_pred": 84,
  "confusion_matrix": {
    "tp": 2,
    "fp": 82,
    "tn": 1851,
    "fn": 65,
    "precision": 0.023809523809523808,
    "recall": 0.029850746268656716,
    "f1": 0.026490066225165563,
    "accuracy": 0.9265
  },
  "bootstrap": {
    "f1": {
      "point": 0.026490066225165563,
      "ci_low": 0.0,
      "ci_high": 0.06779661016949153,
      "alpha": 0.05,
      "n_resamples": 1000
    },
    "precision": {
      "point": 0.023809523809523808,
      "ci_low": 0.0,
      "ci_high": 0.0625,
      "alpha": 0.05,
      "n_resamples": 1000
    },
    "recall": {
      "point": 0.029850746268656716,
      "ci_low": 0.0,
      "ci_high": 0.07936507936507936,
      "alpha": 0.05,
      "n_resamples": 1000
    },
    "accuracy": {
      "point": 0.9265,
      "ci_low": 0.915,
      "ci_high": 0.9385,
      "alpha": 0.05,
      "n_resamples": 1000
    }
  },
  "cohen_kappa": -0.011198855350412642,
  "per_category_recall": {
    "Inappropriate Relations": {
      "n_positives": 2,
      "tp": 0,
      "recall": 0.0
    },
    "Financial Fraud": {
      "n_positives": 61,
      "tp": 2,
      "recall": 0.03278688524590164
    },
    "Data Deletion": {
      "n_positives": 2,
      "tp": 0,
      "recall": 0.0
    },
    "Corruption": {
      "n_positives": 2,
      "tp": 0,
      "recall": 0.0
    }
  }
}