{
  "n_paired": 2000,
  "n_positives_true": 67,
  "n_positives_pred": 57,
  "confusion_matrix": {
    "tp": 26,
    "fp": 31,
    "tn": 1902,
    "fn": 41,
    "precision": 0.45614035087719296,
    "recall": 0.3880597014925373,
    "f1": 0.4193548387096774,
    "accuracy": 0.964
  },
  "bootstrap": {
    "f1": {
      "point": 0.4193548387096774,
      "ci_low": 0.3035714285714285,
      "ci_high": 0.5306122448979591,
      "alpha": 0.05,
      "n_resamples": 1000
    },
    "precision": {
      "point": 0.45614035087719296,
      "ci_low": 0.3220338983050847,
      "ci_high": 0.5942028985507246,
      "alpha": 0.05,
      "n_resamples": 1000
    },
    "recall": {
      "point": 0.3880597014925373,
      "ci_low": 0.27450980392156865,
      "ci_high": 0.5072463768115942,
      "alpha": 0.05,
      "n_resamples": 1000
    },
    "accuracy": {
      "point": 0.964,
      "ci_low": 0.9555,
      "ci_high": 0.9725,
      "alpha": 0.05,
      "n_resamples": 1000
    }
  },
  "cohen_kappa": 0.40090363701416915,
  "per_category_recall": {
    "Inappropriate Relations": {
      "n_positives": 2,
      "tp": 0,
      "recall": 0.0
    },
    "Financial Fraud": {
      "n_positives": 61,
      "tp": 24,
      "recall": 0.39344262295081966
    },
    "Data Deletion": {
      "n_positives": 2,
      "tp": 2,
      "recall": 1.0
    },
    "Corruption": {
      "n_positives": 2,
      "tp": 0,
      "recall": 0.0
    }
  }
}