{
  "n_paired": 2000,
  "n_positives_true": 67,
  "n_positives_pred": 60,
  "confusion_matrix": {
    "tp": 26,
    "fp": 34,
    "tn": 1899,
    "fn": 41,
    "precision": 0.43333333333333335,
    "recall": 0.3880597014925373,
    "f1": 0.4094488188976378,
    "accuracy": 0.9625
  },
  "bootstrap": {
    "f1": {
      "point": 0.4094488188976378,
      "ci_low": 0.28828828828828823,
      "ci_high": 0.5074626865671641,
      "alpha": 0.05,
      "n_resamples": 1000
    },
    "precision": {
      "point": 0.43333333333333335,
      "ci_low": 0.30303030303030304,
      "ci_high": 0.5614035087719298,
      "alpha": 0.05,
      "n_resamples": 1000
    },
    "recall": {
      "point": 0.3880597014925373,
      "ci_low": 0.2727272727272727,
      "ci_high": 0.5,
      "alpha": 0.05,
      "n_resamples": 1000
    },
    "accuracy": {
      "point": 0.9625,
      "ci_low": 0.9545,
      "ci_high": 0.9705,
      "alpha": 0.05,
      "n_resamples": 1000
    }
  },
  "cohen_kappa": 0.390144738981948,
  "per_category_recall": {
    "Inappropriate Relations": {
      "n_positives": 2,
      "tp": 0,
      "recall": 0.0
    },
    "Financial Fraud": {
      "n_positives": 61,
      "tp": 24,
      "recall": 0.39344262295081966
    },
    "Data Deletion": {
      "n_positives": 2,
      "tp": 2,
      "recall": 1.0
    },
    "Corruption": {
      "n_positives": 2,
      "tp": 0,
      "recall": 0.0
    }
  }
}